amino_acid,smiles,tip3p,chagb,zap9,null,tip3p_ml,tip3p_with_ml,zap9_ml,zap9_with_ml,chagb_ml,chagb_with_ml,null_ml,null_with_ml
ala2-abt,CNC(=O)[C@H](C)NC(C)O,-17.86,-17.668,-13.4767,0,-1.1899221,-19.049922094345092,-2.5357292,-16.012429169845582,-1.5747969,-19.24279691505432,-7.573489,-7.573489189147949
ala-abt,CNC(=O)[C@H](C)NC(C)O,-14.01,-13.4394,-10.1085,0,-1.1899221,-15.199922094345093,-2.5357292,-12.64422916984558,-1.5747969,-15.01419691505432,-7.573489,-7.573489189147949
arg2-abt,CNC(=O)[C@H](CCCNC(N)=[NH2+])NC(C)O,-77.28,-79.8774,-77.9541,0,-0.5641429,-77.84414288282395,-2.8525398,-80.80663977775573,-1.4363511,-81.3137510608673,-10.893697,-10.893696784973145
arg-abt,CNC(=O)[C@H](CCCNC(N)=[NH2+])NC(C)O,-60.99,-64.0845,-62.8043,0,-0.5641429,-61.554142882823946,-2.8525398,-65.65683977775574,-1.4363511,-65.52085106086732,-10.893697,-10.893696784973145
ash2-abt,CNC(O)C(CC(O)O)NC(C)O,-22.03,-20.4208,-18.2028,0,-1.729322,-23.759321956634523,-2.6483448,-20.85114475517273,-1.8161077,-22.236907749938965,-8.636249,-8.636248588562012
ash-abt,CNC(O)C(CC(O)O)NC(C)O,-16.74,-16.1625,-14.2449,0,-1.729322,-18.46932195663452,-2.6483448,-16.89324475517273,-1.8161077,-17.978607749938966,-8.636249,-8.636248588562012
asn2-abt,CNC(=O)[C@H](CC(N)=O)NC(C)O,-23.38,-23.6501,-19.6122,0,-1.0704179,-24.450417881011962,-2.5207314,-22.1329314491272,-1.5684494,-25.21854937801361,-10.422838,-10.42283821105957
asn-abt,CNC(=O)[C@H](CC(N)=O)NC(C)O,-20.88,-20.9514,-17.3175,0,-1.0704179,-21.950417881011962,-2.5207314,-19.838231449127196,-1.5684494,-22.51984937801361,-10.422838,-10.42283821105957
asp2-abt,CNC(=O)[C@H](CC(=O)O)NC(C)O,-79.38,-78.47,-66.4672,0,1.1816696,-78.19833040714263,-0.42323917,-66.89043917150498,-0.45087788,-78.92087787508964,-9.485277,-9.48527717590332
asp-abt,CNC(=O)[C@H](CC(=O)O)NC(C)O,-77.86,-78.8793,-66.8166,0,1.1816696,-76.67833040714264,-0.42323917,-67.23983917150497,-0.45087788,-79.33017787508965,-9.485277,-9.48527717590332
cys2-abt,CNC(=O)[C@H](CS)NC(C)O,-17.97,-18.4413,-13.4913,0,-1.231532,-19.201531977653502,-2.5231388,-16.01443876152039,-1.3154422,-19.7567422044754,-7.754842,-7.7548418045043945
cys-abt,CNC(=O)[C@H](CS)NC(C)O,-18.18,-17.2738,-12.978,0,-1.231532,-19.411531977653503,-2.5231388,-15.501138761520386,-1.3154422,-18.589242204475404,-7.754842,-7.7548418045043945
glh2-abt,CNC(O)C(CCC(O)O)NC(C)O,-22.18,-20.0681,-17.6862,0,-1.6373448,-23.81734483718872,-2.6782095,-20.36440954322815,-2.2375019,-22.305601859664918,-9.064606,-9.064605712890625
glh-abt,CNC(O)C(CCC(O)O)NC(C)O,-17.16,-16.5192,-13.9507,0,-1.6373448,-18.79734483718872,-2.6782095,-16.628909543228147,-2.2375019,-18.75670185966492,-9.064606,-9.064605712890625
gln2-abt,CNC(=O)[C@H](CCC(N)=O)NC(C)O,-27.63,-29.0749,-22.8807,0,-0.91151845,-28.541518454551696,-2.5273387,-25.40803874320984,-1.5275694,-30.60246941318512,-9.868991,-9.868990898132324
gln-abt,CNC(=O)[C@H](CCC(N)=O)NC(C)O,-18.4,-18.4645,-14.9554,0,-0.91151845,-19.311518454551695,-2.5273387,-17.482738743209836,-1.5275694,-19.99206941318512,-9.868991,-9.868990898132324
glu2-abt,CNC(=O)[C@H](CCC(=O)O)NC(C)O,-76.31,-75.6935,-64.1642,0,1.1946837,-75.11531632900238,-0.030911537,-64.19511153688728,-0.5545701,-76.24807007884979,-9.080878,-9.080878257751465
glu-abt,CNC(=O)[C@H](CCC(=O)O)NC(C)O,-79.0,-79.2703,-67.2801,0,1.1946837,-77.80531632900238,-0.030911537,-67.31101153688729,-0.5545701,-79.8248700788498,-9.080878,-9.080878257751465
gly2-abt,CNC(=O)CNC(C)O,-18.45,-18.5584,-14.7309,0,-1.4072195,-19.857219529151916,-2.557985,-17.288885067367552,-1.6345243,-20.192924345397948,-8.724237,-8.724237442016602
gly-abt,CNC(=O)CNC(C)O,-13.91,-14.1016,-10.4407,0,-1.4072195,-15.317219529151917,-2.557985,-12.998685067367553,-1.6345243,-15.736124345397949,-8.724237,-8.724237442016602
hsd2-abt,CNC(O)C(CC1CNCN1)NC(C)O,-22.12,-22.802,-19.7582,0,-1.6467999,-23.766799921989442,-2.5077398,-22.265939782333373,-1.5464741,-24.34847409915924,-8.867214,-8.86721420288086
hsd-abt,CNC(O)C(CC1CNCN1)NC(C)O,-23.63,-22.2704,-20.5206,0,-1.6467999,-25.27679992198944,-2.5077398,-23.028339782333376,-1.5464741,-23.81687409915924,-8.867214,-8.86721420288086
ile2-abt,CC[C@H](C)[C@H](NC(C)O)C(=O)NC,-19.29,-17.3048,-13.5127,0,-0.43892628,-19.72892627954483,-2.2669349,-15.779634871673585,-1.564769,-18.86956902961731,-6.6612096,-6.661209583282471
ile-abt,CC[C@H](C)[C@H](NC(C)O)C(=O)NC,-11.99,-11.3498,-8.12305,0,-0.43892628,-12.42892627954483,-2.2669349,-10.389984871673583,-1.564769,-12.91456902961731,-6.6612096,-6.661209583282471
leu2-abt,CNC(=O)[C@H](CC(C)C)NC(C)O,-18.45,-17.6972,-13.3664,0,-0.7291435,-19.179143500328063,-1.7846383,-15.151038285636902,-1.5323367,-19.229536711883544,-6.1449547,-6.144954681396484
leu-abt,CNC(=O)[C@H](CC(C)C)NC(C)O,-12.58,-11.0711,-8.09159,0,-0.7291435,-13.309143500328064,-1.7846383,-9.876228285636902,-1.5323367,-12.603436711883544,-6.1449547,-6.144954681396484
lys2-abt,CNC(=O)[C@H](CCCC[NH3+])NC(C)O,-82.65,-82.2351,-88.5056,0,-1.1161855,-83.76618554592133,-2.5560582,-91.06165816841126,-1.605939,-83.84103903064728,-7.434225,-7.434225082397461
lys-abt,CNC(=O)[C@H](CCCC[NH3+])NC(C)O,-65.99,-65.6479,-71.524,0,-1.1161855,-67.10618554592132,-2.5560582,-74.08005816841126,-1.605939,-67.25383903064728,-7.434225,-7.434225082397461
met2-abt,CNC(=O)[C@H](CCSC)NC(C)O,-19.53,-19.4132,-14.5308,0,-1.3305304,-20.860530405044557,-2.4149883,-16.94578827934265,-1.5328592,-20.946059206199646,-7.3966427,-7.396642684936523
met-abt,CNC(=O)[C@H](CCSC)NC(C)O,-12.98,-12.7432,-8.57175,0,-1.3305304,-14.310530405044556,-2.4149883,-10.986738279342651,-1.5328592,-14.276059206199646,-7.3966427,-7.396642684936523
phe2-abt,CNC(=O)[C@H](Cc1ccccc1)NC(C)O,-21.95,-20.5058,-16.2626,0,-0.6232716,-22.573271584510803,-1.2985814,-17.56118136177063,-0.99011236,-21.495912364292145,-8.341784,-8.34178352355957
phe-abt,CNC(=O)[C@H](Cc1ccccc1)NC(C)O,-16.42,-14.2297,-10.7632,0,-0.6232716,-17.043271584510805,-1.2985814,-12.06178136177063,-0.99011236,-15.219812364292144,-8.341784,-8.34178352355957
pro2-abt,CNC(=O)[C@@H]1CCCN1C(C)O,-16.84,-16.7667,-12.7798,0,-1.1139889,-17.953988876342773,-2.399259,-15.179059090423584,-1.3163387,-18.083038658332825,-8.360997,-8.360997200012207
pro-abt,CNC(=O)[C@@H]1CCC2N1C2(C)O,-14.75,-12.5753,-10.153,0,-0.08908719,-14.839087188243866,-1.8312904,-11.984290364265442,-0.60892034,-13.184220335769654,-7.8035154,-7.803515434265137
ser2-abt,CNC(=O)[C@H](CO)NC(C)O,-19.6,-19.4292,-16.3009,0,-1.6381552,-21.23815522193909,-2.5499053,-18.85080530014038,-1.5569738,-20.986173814964296,-8.836731,-8.83673095703125
ser-abt,CNC(=O)[C@H](CO)NC(C)O,-17.34,-16.4824,-13.2514,0,-1.6381555,-18.978155460357666,-2.5499053,-15.801305300140381,-1.5569738,-18.039373814964293,-8.836731,-8.83673095703125
thr2-abt,CNC(=O)[C@@H](NC(C)O)[C@@H](C)O,-19.58,-18.9757,-15.2788,0,-1.1673783,-20.747378306388853,-2.6743898,-17.953189839172364,-1.5884552,-20.564155200195312,-9.573215,-9.573214530944824
thr-abt,CNC(=O)[C@@H](NC(C)O)[C@@H](C)O,-16.25,-15.6048,-12.3249,0,-1.1673783,-17.417378306388855,-2.6743898,-14.999289839172363,-1.5884552,-17.19325520019531,-9.573215,-9.573214530944824
trp2-abt,CNC(=O)[C@H](Cc1c[nH]c2ccccc12)NC(C)O,-22.23,-22.4465,-18.096,0,-0.83733535,-23.067335348129273,-1.5723329,-19.668332859039307,-0.9691852,-23.415685173511505,-9.592794,-9.592794418334961
trp-abt,CNC(=O)[C@H](Cc1c[nH]c2ccccc12)NC(C)O,-19.76,-18.2618,-14.974,0,-0.83733535,-20.597335348129274,-1.5723329,-16.546332859039307,-0.9691852,-19.230985173511506,-9.592794,-9.592794418334961
tyr2-abt,CNC(=O)[C@H](Cc1ccc(O)cc1)NC(C)O,-25.3,-22.8112,-20.2957,0,-0.9065595,-26.20655952692032,-1.7435439,-22.03924386329651,-2.1038122,-24.915012217712402,-9.370064,-9.370063781738281
tyr-abt,CNC(=O)[C@H](Cc1ccc(O)cc1)NC(C)O,-19.78,-17.7245,-15.2332,0,-0.9065595,-20.68655952692032,-1.7435439,-16.97674386329651,-2.1038122,-19.8283122177124,-9.370064,-9.370063781738281
val2-abt,CNC(=O)[C@@H](NC(C)O)C(C)C,-18.79,-17.4468,-13.5247,0,-0.5940526,-19.384052612781524,-2.332696,-15.857395960998534,-1.5753775,-19.022177464294433,-6.3927402,-6.392740249633789
val-abt,CNC(=O)[C@@H](NC(C)O)C(C)C,-12.48,-12.1195,-8.45166,0,-0.5940527,-13.07405267238617,-2.332696,-10.784355960998536,-1.5753773,-13.694877345085144,-6.3927402,-6.392740249633789
